<?xml version="1.0" encoding="UTF-8"?>
<PopupLanguageSwitch>
	<es-MX><Password_TitleBar>Change User Password</Password_TitleBar><Password_UserName>Select User\n[F1]</Password_UserName><Password_OldPassword>Old Password\n[F2]</Password_OldPassword><Password_NewPassword>New Password\n[F3]</Password_NewPassword><Password_ConfirmPassword>Confirm Password\n[F4]</Password_ConfirmPassword><Password_Cancel>Cancel\n[Esc]</Password_Cancel><Password_ChangePassword>Change Password\n[Enter]</Password_ChangePassword><Password_Result>Result:</Password_Result><Password_Msg1>The user name field cannot be empty.</Password_Msg1><Password_Msg2>The new and confirmation passwords do not match.</Password_Msg2><Password_Msg3>Internal error. Failed to save modifications of user account into the MER file.</Password_Msg3><Password_Msg4>Password successfully changed.</Password_Msg4><Password_Msg5>User credentials are incorrect.</Password_Msg5><Password_Msg6>User account has been disabled/deactived.</Password_Msg6><Password_Msg7>Password cannot exceed %d characters.</Password_Msg7><Password_Msg8>User password cannot be changed.</Password_Msg8><Password_Msg9>Password must be active for over %d days before it can be changed.</Password_Msg9><Password_Msg10>The password has already been used.</Password_Msg10><Password_Msg11>Password must be at more than %d characters long.</Password_Msg11><Password_Msg12>Password does not meet complexity requirements.</Password_Msg12><Password_Msg13>Windows-linked user account password can only be changed in Windows.</Password_Msg13><Password_Msg14>User account has been locked.</Password_Msg14><Password_Msg15>Password cannot be changed. Access denied.</Password_Msg15><Password_Msg16>Failed. Unknown error.</Password_Msg16><Password_Msg17>Your password has expired. Please enter a new password.</Password_Msg17><Password_Msg18>Your password will expire in less than 1 day. Please enter a new password.</Password_Msg18><Password_Msg19>Your password is about to expire.</Password_Msg19><Password_Msg20>Your password will expire in %d days. Please enter a new password.</Password_Msg20><Password_Msg21>You are required to change your password at first logon.</Password_Msg21><Login_TitleBar>Login</Login_TitleBar><Login_Domain>Domain\n[F1]</Login_Domain><Login_UserName>User Name\n[F2]</Login_UserName><Login_Password>Password\n[F3]</Login_Password><Login_Login>Login\n[Enter]</Login_Login><Login_Cancel>Cancel\n[Esc]</Login_Cancel><Login_Result>Result:</Login_Result><Login_Msg1>User account has been disabled.</Login_Msg1><Login_Msg2>User account has been locked.</Login_Msg2><Login_Msg3>Password has expired.</Login_Msg3><Login_Msg4>The user must change password.</Login_Msg4><Login_Msg5>User account has expired.</Login_Msg5><Login_Msg6>User authentication failed.</Login_Msg6><Login_Msg7>Your password will expire in %d days. Do you want to change it now?</Login_Msg7><Adduser_TitleBar>Add User/Group Account</Adduser_TitleBar><Adduser_Type>Type\n[F2]</Adduser_Type><Adduser_Name>Name\n[F3]</Adduser_Name><Adduser_Password>Password\n[F4]</Adduser_Password><Adduser_ConfirmPassword>Confirm Password\n[F5]</Adduser_ConfirmPassword><Adduser_Advanced>Advanced\n[F6]</Adduser_Advanced><Adduser_Adduser>Add\n[Enter]</Adduser_Adduser><Adduser_Cancel>Cancel\n[Esc]</Adduser_Cancel><Adduser_FTUser>FactoryTalk Security User</Adduser_FTUser><Adduser_WLUser>Windows-linked User</Adduser_WLUser><Adduser_WLGroup>Windows-linked Group</Adduser_WLGroup><Adduser_Result>Result:</Adduser_Result><Adduser_Msg1>The user or group name cannot be empty.</Adduser_Msg1><Adduser_Msg2>Password and confirmation passwords do not match.</Adduser_Msg2><Adduser_Msg3>Internal error. Failed to save modifications of user account into the MER file.</Adduser_Msg3><Adduser_Msg4>Added user '%s' to user list 'Users'.</Adduser_Msg4><Adduser_Msg5>Added group '%s' to user group list 'User Groups'.</Adduser_Msg5><Adduser_Msg6>The domain or account is invalid or the domain could not be contacted.</Adduser_Msg6><Adduser_Msg7>The user name cannot contain invalid character.</Adduser_Msg7><Adduser_Msg8>The user account already exists.</Adduser_Msg8><Adduser_Msg9>The user group already exists.</Adduser_Msg9><Adduser_Msg10>Password must be at more than %d characters long.</Adduser_Msg10><Adduser_Msg11>Password does not meet complexity requirements.</Adduser_Msg11><Adduser_Msg12>Password cannot be longer than %d characters.</Adduser_Msg12><Adduser_Msg13>The name cannot be longer than %d characters.</Adduser_Msg13><Adduser_Msg14>User account does not exist.</Adduser_Msg14><Adduser_Msg15>User authentication failed.</Adduser_Msg15><Adduser_Msg16>Failed. Unknown error.</Adduser_Msg16><Advanced_TitleBar>Advanced Settings</Advanced_TitleBar><Advanced_MustChangePassword>User must change password at next logon\n[F2]</Advanced_MustChangePassword><Advanced_CannotChangePassword>User cannot change password\n[F3]</Advanced_CannotChangePassword><Advanced_PasswordNeverExpired>Password never expires\n[F4]</Advanced_PasswordNeverExpired><Advanced_AccountIsDisabled>Account is disabled\n[F5]</Advanced_AccountIsDisabled><Advanced_Yes>Yes</Advanced_Yes><Advanced_No>No</Advanced_No><Advanced_OK>OK\n[Enter]</Advanced_OK><Advanced_Cancel>Cancel\n[Esc]</Advanced_Cancel><DeleteUser_TitleBar>Delete User/Group Account</DeleteUser_TitleBar><DeleteUser_SelectUserGroup>Select User/Group\n[F2]</DeleteUser_SelectUserGroup><DeleteUser_Delete>Delete\n[Enter]</DeleteUser_Delete><DeleteUser_Cancel>Cancel\n[Esc]</DeleteUser_Cancel><DeleteUser_Result>Result:</DeleteUser_Result><DeleteUser_Msg1>The user name field cannot be empty.</DeleteUser_Msg1><DeleteUser_Msg2>Internal error. Failed to save modifications of user account into the MER file.</DeleteUser_Msg2><DeleteUser_Msg3>%s' was deleted.</DeleteUser_Msg3><DeleteUser_Msg4>Unable to delete the last FactoryTalk Administrator user account.</DeleteUser_Msg4><DeleteUser_Msg5>Failed. Unknown error.</DeleteUser_Msg5><SelectUserGroup_TitleBar>User or Group Selection</SelectUserGroup_TitleBar><SelectUserGroup_Type>Type\n[F2]</SelectUserGroup_Type><SelectUserGroup_FTUserWLUser>FactoryTalk User \nWindows-linked User</SelectUserGroup_FTUserWLUser><SelectUserGroup_WLGroup>Windows-linked Group</SelectUserGroup_WLGroup><SelectUserGroup_SelectUserGroup>Select User or Group</SelectUserGroup_SelectUserGroup><SelectUserGroup_Select>Select\n[Enter]</SelectUserGroup_Select><SelectUserGroup_Cancel>Cancel\n[Esc]</SelectUserGroup_Cancel><SelectUser_TitleBar>FactoryTalk User Selection</SelectUser_TitleBar><SelectUser_SelectUser>Select User</SelectUser_SelectUser><SelectUser_Select>Select\n[Enter]</SelectUser_Select><SelectUser_Cancel>Cancel\n[Esc]</SelectUser_Cancel><SelectGroup_TitleBar>FactoryTalk Group Selection</SelectGroup_TitleBar><SelectGroup_SelectGroup>Select Group</SelectGroup_SelectGroup><SelectGroup_Select>Select\n[Enter]</SelectGroup_Select><SelectGroup_Cancel>Cancel\n[Esc]</SelectGroup_Cancel><ModifyMembership_TitleBar>Modify Group Membership</ModifyMembership_TitleBar><ModifyMembership_SelectUserGroup>Select User/Group\n[F2]</ModifyMembership_SelectUserGroup><ModifyMembership_SelectFTGroup>FactoryTalk Group\n[F3]</ModifyMembership_SelectFTGroup><ModifyMembership_AddtoGroup>Add to Group\n[F4]</ModifyMembership_AddtoGroup><ModifyMembership_RemovefromGroup>Remove from Group\n[F5]</ModifyMembership_RemovefromGroup><ModifyMembership_Cancel>Cancel\n[Esc]</ModifyMembership_Cancel><ModifyMembership_Result>Result:</ModifyMembership_Result><ModifyMembership_Msg1>The user or group name cannot be empty.</ModifyMembership_Msg1><ModifyMembership_Msg2>Internal error. Failed to save modifications of user account into the MER file.</ModifyMembership_Msg2><ModifyMembership_Msg3>Added user '%s' to user group '%s'.</ModifyMembership_Msg3><ModifyMembership_Msg4>Removed user '%s' from user group '%s'.</ModifyMembership_Msg4><ModifyMembership_Msg5>Added group '%s' to user group '%s'.</ModifyMembership_Msg5><ModifyMembership_Msg6>Removed group '%s' from user group '%s'.</ModifyMembership_Msg6><ModifyMembership_Msg7>The last FactoryTalk Administrator cannot be deleted.</ModifyMembership_Msg7><ModifyMembership_Msg8>%s' already belongs to user group '%s'.</ModifyMembership_Msg8><ModifyMembership_Msg9>%s' does not belong to user group '%s'.</ModifyMembership_Msg9><ModifyMembership_Msg10>Failed. Unknown error.</ModifyMembership_Msg10><UnlockUser_TitleBar>Unlock User Account</UnlockUser_TitleBar><UnlockUser_SelectUser>Select User\n[F2]</UnlockUser_SelectUser><UnlockUser_Unlock>Unlock\n[Enter]</UnlockUser_Unlock><UnlockUser_Cancel>Cancel\n[Esc]</UnlockUser_Cancel><UnlockUser_Result>Result:</UnlockUser_Result><UnlockUser_Msg1>The user name field cannot be empty.</UnlockUser_Msg1><UnlockUser_Msg2>Internal error. Failed to save modifications of user account into the MER file.</UnlockUser_Msg2><UnlockUser_Msg3>Unlocked user '%s'.</UnlockUser_Msg3><UnlockUser_Msg4>Failed. Unknown error.</UnlockUser_Msg4><EnableUser_TitleBar>Enable User Account</EnableUser_TitleBar><EnableUser_SelectUser>Select User\n[F2]</EnableUser_SelectUser><EnableUser_Enable>Enable\n[Enter]</EnableUser_Enable><EnableUser_Cancel>Cancel\n[Esc]</EnableUser_Cancel><EnableUser_Result>Result:</EnableUser_Result><EnableUser_Msg1>The user name field cannot be empty.</EnableUser_Msg1><EnableUser_Msg2>Internal error. Failed to save modifications of user account into the MER file.</EnableUser_Msg2><EnableUser_Msg3>Enabled user '%s'.</EnableUser_Msg3><EnableUser_Msg4>Failed. Unknown error.</EnableUser_Msg4><DisableUser_TitleBar>Disable User Account</DisableUser_TitleBar><DisableUser_SelectUser>Select User\n[F2]</DisableUser_SelectUser><DisableUser_Disable>Disable\n[Enter]</DisableUser_Disable><DisableUser_Cancel>Cancel\n[Esc]</DisableUser_Cancel><DisableUser_Result>Result:</DisableUser_Result><DisableUser_Msg1>The user name field cannot be empty.</DisableUser_Msg1><DisableUser_Msg2>Internal error. Failed to save modifications of user account into the MER file.</DisableUser_Msg2><DisableUser_Msg3>Disabled user '%s'.</DisableUser_Msg3><DisableUser_Msg4>Failed. Unknown error.</DisableUser_Msg4><AuthenticatedUser_TitleBar>Authorized User Account</AuthenticatedUser_TitleBar><AuthenticatedUser_UserName>Authorized User Name\n[F2]</AuthenticatedUser_UserName><AuthenticatedUser_Password>Authorized Password\n[F3]</AuthenticatedUser_Password><AuthenticatedUser_OK>OK\n[Enter]</AuthenticatedUser_OK><AuthenticatedUser_Cancel>Cancel\n[Esc]</AuthenticatedUser_Cancel><ChangeProperty_TitleBar>Change User Properties</ChangeProperty_TitleBar><ChangeProperty_SelectUser>Select User\n[F2]</ChangeProperty_SelectUser><ChangeProperty_Properties>Properties\n[F3]</ChangeProperty_Properties><ChangeProperty_Change>Change\n[Enter]</ChangeProperty_Change><ChangeProperty_Cancel>Cancel\n[Esc]</ChangeProperty_Cancel><ChangeProperty_Result>Result:</ChangeProperty_Result><ChangeProperty_Msg1>The user name field cannot be empty.</ChangeProperty_Msg1><ChangeProperty_Msg2>Internal error. Failed to save modifications of user account into the MER file.</ChangeProperty_Msg2><ChangeProperty_Msg3>Modified properties of user '%s'.</ChangeProperty_Msg3><ChangeProperty_Msg4>The user properties are not changed.</ChangeProperty_Msg4><ChangeProperty_Msg5>Failed. Unknown error.</ChangeProperty_Msg5><ESignature_SheetTitle>Electronic Signature</ESignature_SheetTitle><ESignature_OperatorTitle>Operator</ESignature_OperatorTitle><ESignature_CounterTitle>Counter Signatory</ESignature_CounterTitle><ESignature_ReviewActionTitle>Review Action</ESignature_ReviewActionTitle><ESignature_ButtonName>Name\n[F2]</ESignature_ButtonName><ESignature_ButtonPassword>Password\n[F3]</ESignature_ButtonPassword><ESignature_ButtonComment>Comment\n[F4]</ESignature_ButtonComment><ESignature_Result>Result:</ESignature_Result><ESignature_ButtonAccept>Accept\n[Enter]</ESignature_ButtonAccept><ESignature_ButtonCancel>Cancel\n[Esc]</ESignature_ButtonCancel><ESignature_ButtonDomain>Domain\n[F1]</ESignature_ButtonDomain><ESignature_ButtonReject>Reject\n[F6]</ESignature_ButtonReject><ESignature_ButtonApprove>Approve\n[Enter]</ESignature_ButtonApprove><ESignature_ESAction>Electronic Signature Action:</ESignature_ESAction><ESignature_CommentBlankMSG>The comment cannot be blank.</ESignature_CommentBlankMSG><ESignature_CommentMinCharsMSG>The comment cannot be less than %d characters.</ESignature_CommentMinCharsMSG><ESignature_NotCurrentUserMSG>The current user has been changed.</ESignature_NotCurrentUserMSG><ESignature_FailedAuthenticationMSG>Authentication of the user '%s' failed.</ESignature_FailedAuthenticationMSG><ESignature_UserNameEmptyMSG>The user name field cannot be empty.</ESignature_UserNameEmptyMSG><ESignature_UserNotInGroupMSG>The user '%s' is not a member of the authorized counter signatory group.</ESignature_UserNotInGroupMSG><ESignature_ApproverSameAsPerformer>Attempt to use the same user name for Performer and Approver.</ESignature_ApproverSameAsPerformer></es-MX><en-US><Adduser_Adduser>Add\n[Enter]</Adduser_Adduser></en-US></PopupLanguageSwitch>
